username,role,email,password,type,title,report_date,item_name,amount,currency
user0,user,user0@example.com,password123,sales,Report 0,2025-05-21,Item C,911,USD
user1,admin,user1@example.com,password123,finance,Report 1,2025-05-21,Item C,953,USD
user2,user,user2@example.com,password123,sales,Report 2,2025-05-21,Item C,644,USD
user3,user,user3@example.com,password123,sales,Report 3,2025-05-21,Item B,601,USD
user4,admin,user4@example.com,password123,finance,Report 4,2025-05-21,Item B,861,USD
user5,admin,user5@example.com,password123,sales,Report 5,2025-05-21,Item B,697,USD
user6,admin,user6@example.com,password123,inventory,Report 6,2025-05-21,Item B,180,USD
user7,user,user7@example.com,password123,sales,Report 7,2025-05-21,Item A,115,USD
user8,admin,user8@example.com,password123,inventory,Report 8,2025-05-21,Item B,623,USD
user9,admin,user9@example.com,password123,finance,Report 9,2025-05-21,Item B,761,USD
user10,admin,user10@example.com,password123,sales,Report 10,2025-05-21,Item A,1001,USD
user11,admin,user11@example.com,password123,sales,Report 11,2025-05-21,Item C,928,USD
user12,admin,user12@example.com,password123,sales,Report 12,2025-05-21,Item B,713,USD
user13,user,user13@example.com,password123,sales,Report 13,2025-05-21,Item C,909,USD
user14,user,user14@example.com,password123,inventory,Report 14,2025-05-21,Item A,279,USD
user15,user,user15@example.com,password123,inventory,Report 15,2025-05-21,Item C,394,USD
user16,admin,user16@example.com,password123,finance,Report 16,2025-05-21,Item B,867,USD
user17,admin,user17@example.com,password123,sales,Report 17,2025-05-21,Item A,845,USD
user18,user,user18@example.com,password123,sales,Report 18,2025-05-21,Item A,499,USD
user19,user,user19@example.com,password123,finance,Report 19,2025-05-21,Item B,141,USD
user20,admin,user20@example.com,password123,inventory,Report 20,2025-05-21,Item C,856,USD
user21,admin,user21@example.com,password123,sales,Report 21,2025-05-21,Item A,1034,USD
user22,admin,user22@example.com,password123,inventory,Report 22,2025-05-21,Item A,371,USD
user23,user,user23@example.com,password123,inventory,Report 23,2025-05-21,Item B,790,USD
user24,user,user24@example.com,password123,inventory,Report 24,2025-05-21,Item B,1066,USD
user25,user,user25@example.com,password123,sales,Report 25,2025-05-21,Item C,227,USD
user26,user,user26@example.com,password123,finance,Report 26,2025-05-21,Item C,921,USD
user27,user,user27@example.com,password123,finance,Report 27,2025-05-21,Item C,911,USD
user28,user,user28@example.com,password123,sales,Report 28,2025-05-21,Item A,484,USD
user29,admin,user29@example.com,password123,inventory,Report 29,2025-05-21,Item A,577,USD
user30,user,user30@example.com,password123,sales,Report 30,2025-05-21,Item A,1039,USD
user31,admin,user31@example.com,password123,finance,Report 31,2025-05-21,Item C,1089,USD
user32,admin,user32@example.com,password123,sales,Report 32,2025-05-21,Item A,154,USD
user33,user,user33@example.com,password123,sales,Report 33,2025-05-21,Item C,225,USD
user34,admin,user34@example.com,password123,inventory,Report 34,2025-05-21,Item A,372,USD
user35,admin,user35@example.com,password123,inventory,Report 35,2025-05-21,Item C,1077,USD
user36,admin,user36@example.com,password123,inventory,Report 36,2025-05-21,Item A,763,USD
user37,user,user37@example.com,password123,inventory,Report 37,2025-05-21,Item B,215,USD
user38,admin,user38@example.com,password123,finance,Report 38,2025-05-21,Item A,507,USD
user39,admin,user39@example.com,password123,finance,Report 39,2025-05-21,Item C,632,USD
user40,admin,user40@example.com,password123,inventory,Report 40,2025-05-21,Item A,175,USD
user41,admin,user41@example.com,password123,sales,Report 41,2025-05-21,Item B,241,USD
user42,user,user42@example.com,password123,sales,Report 42,2025-05-21,Item C,363,USD
user43,user,user43@example.com,password123,sales,Report 43,2025-05-21,Item B,484,USD
user44,admin,user44@example.com,password123,inventory,Report 44,2025-05-21,Item A,282,USD
user45,admin,user45@example.com,password123,finance,Report 45,2025-05-21,Item C,925,USD
user46,admin,user46@example.com,password123,inventory,Report 46,2025-05-21,Item A,1058,USD
user47,admin,user47@example.com,password123,finance,Report 47,2025-05-21,Item B,294,USD
user48,admin,user48@example.com,password123,finance,Report 48,2025-05-21,Item B,525,USD
user49,user,user49@example.com,password123,inventory,Report 49,2025-05-21,Item C,146,USD
user50,admin,user50@example.com,password123,sales,Report 50,2025-05-21,Item B,736,USD
user51,admin,user51@example.com,password123,inventory,Report 51,2025-05-21,Item C,680,USD
user52,admin,user52@example.com,password123,finance,Report 52,2025-05-21,Item A,516,USD
user53,admin,user53@example.com,password123,sales,Report 53,2025-05-21,Item C,182,USD
user54,user,user54@example.com,password123,sales,Report 54,2025-05-21,Item C,772,USD
user55,admin,user55@example.com,password123,sales,Report 55,2025-05-21,Item A,802,USD
user56,user,user56@example.com,password123,finance,Report 56,2025-05-21,Item B,953,USD
user57,user,user57@example.com,password123,sales,Report 57,2025-05-21,Item C,260,USD
user58,admin,user58@example.com,password123,sales,Report 58,2025-05-21,Item A,562,USD
user59,admin,user59@example.com,password123,finance,Report 59,2025-05-21,Item B,194,USD
user60,user,user60@example.com,password123,sales,Report 60,2025-05-21,Item B,946,USD
user61,admin,user61@example.com,password123,inventory,Report 61,2025-05-21,Item C,272,USD
user62,user,user62@example.com,password123,inventory,Report 62,2025-05-21,Item A,435,USD
user63,admin,user63@example.com,password123,inventory,Report 63,2025-05-21,Item A,945,USD
user64,user,user64@example.com,password123,inventory,Report 64,2025-05-21,Item B,249,USD
user65,admin,user65@example.com,password123,inventory,Report 65,2025-05-21,Item C,1031,USD
user66,user,user66@example.com,password123,inventory,Report 66,2025-05-21,Item A,271,USD
user67,admin,user67@example.com,password123,sales,Report 67,2025-05-21,Item A,1080,USD
user68,user,user68@example.com,password123,inventory,Report 68,2025-05-21,Item A,660,USD
user69,admin,user69@example.com,password123,sales,Report 69,2025-05-21,Item A,399,USD
user70,user,user70@example.com,password123,sales,Report 70,2025-05-21,Item A,914,USD
user71,admin,user71@example.com,password123,inventory,Report 71,2025-05-21,Item B,560,USD
user72,admin,user72@example.com,password123,inventory,Report 72,2025-05-21,Item C,713,USD
user73,user,user73@example.com,password123,finance,Report 73,2025-05-21,Item A,940,USD
user74,admin,user74@example.com,password123,finance,Report 74,2025-05-21,Item B,980,USD
user75,user,user75@example.com,password123,sales,Report 75,2025-05-21,Item B,1061,USD
user76,user,user76@example.com,password123,inventory,Report 76,2025-05-21,Item C,1007,USD
user77,admin,user77@example.com,password123,sales,Report 77,2025-05-21,Item A,708,USD
user78,admin,user78@example.com,password123,inventory,Report 78,2025-05-21,Item C,153,USD
user79,user,user79@example.com,password123,finance,Report 79,2025-05-21,Item B,750,USD
user80,user,user80@example.com,password123,finance,Report 80,2025-05-21,Item C,873,USD
user81,admin,user81@example.com,password123,inventory,Report 81,2025-05-21,Item C,101,USD
user82,user,user82@example.com,password123,inventory,Report 82,2025-05-21,Item A,843,USD
user83,user,user83@example.com,password123,inventory,Report 83,2025-05-21,Item A,953,USD
user84,admin,user84@example.com,password123,sales,Report 84,2025-05-21,Item C,465,USD
user85,user,user85@example.com,password123,inventory,Report 85,2025-05-21,Item C,269,USD
user86,admin,user86@example.com,password123,finance,Report 86,2025-05-21,Item A,567,USD
user87,user,user87@example.com,password123,sales,Report 87,2025-05-21,Item B,376,USD
user88,user,user88@example.com,password123,sales,Report 88,2025-05-21,Item A,488,USD
user89,user,user89@example.com,password123,finance,Report 89,2025-05-21,Item C,190,USD
user90,user,user90@example.com,password123,inventory,Report 90,2025-05-21,Item A,517,USD
user91,user,user91@example.com,password123,inventory,Report 91,2025-05-21,Item B,489,USD
user92,admin,user92@example.com,password123,sales,Report 92,2025-05-21,Item B,877,USD
user93,admin,user93@example.com,password123,sales,Report 93,2025-05-21,Item C,917,USD
user94,admin,user94@example.com,password123,inventory,Report 94,2025-05-21,Item C,238,USD
user95,user,user95@example.com,password123,finance,Report 95,2025-05-21,Item B,560,USD
user96,user,user96@example.com,password123,sales,Report 96,2025-05-21,Item C,736,USD
user97,user,user97@example.com,password123,finance,Report 97,2025-05-21,Item B,177,USD
user98,admin,user98@example.com,password123,inventory,Report 98,2025-05-21,Item B,313,USD
user99,user,user99@example.com,password123,finance,Report 99,2025-05-21,Item C,854,USD
user100,user,user100@example.com,password123,sales,Report 100,2025-05-21,Item A,749,USD
user101,admin,user101@example.com,password123,inventory,Report 101,2025-05-21,Item B,723,USD
user102,user,user102@example.com,password123,finance,Report 102,2025-05-21,Item B,303,USD
user103,user,user103@example.com,password123,sales,Report 103,2025-05-21,Item C,913,USD
user104,user,user104@example.com,password123,finance,Report 104,2025-05-21,Item A,303,USD
user105,user,user105@example.com,password123,sales,Report 105,2025-05-21,Item B,709,USD
user106,admin,user106@example.com,password123,sales,Report 106,2025-05-21,Item A,240,USD
user107,user,user107@example.com,password123,finance,Report 107,2025-05-21,Item B,1002,USD
user108,user,user108@example.com,password123,inventory,Report 108,2025-05-21,Item B,812,USD
user109,user,user109@example.com,password123,finance,Report 109,2025-05-21,Item C,392,USD
user110,user,user110@example.com,password123,inventory,Report 110,2025-05-21,Item B,747,USD
user111,admin,user111@example.com,password123,inventory,Report 111,2025-05-21,Item A,442,USD
user112,user,user112@example.com,password123,inventory,Report 112,2025-05-21,Item B,302,USD
user113,user,user113@example.com,password123,inventory,Report 113,2025-05-21,Item C,911,USD
user114,admin,user114@example.com,password123,inventory,Report 114,2025-05-21,Item C,251,USD
user115,user,user115@example.com,password123,finance,Report 115,2025-05-21,Item C,562,USD
user116,admin,user116@example.com,password123,inventory,Report 116,2025-05-21,Item A,1011,USD
user117,admin,user117@example.com,password123,finance,Report 117,2025-05-21,Item A,630,USD
user118,admin,user118@example.com,password123,finance,Report 118,2025-05-21,Item A,507,USD
user119,user,user119@example.com,password123,sales,Report 119,2025-05-21,Item B,894,USD
user120,user,user120@example.com,password123,sales,Report 120,2025-05-21,Item B,950,USD
user121,user,user121@example.com,password123,finance,Report 121,2025-05-21,Item C,728,USD
user122,admin,user122@example.com,password123,inventory,Report 122,2025-05-21,Item C,248,USD
user123,user,user123@example.com,password123,inventory,Report 123,2025-05-21,Item A,319,USD
user124,user,user124@example.com,password123,inventory,Report 124,2025-05-21,Item A,414,USD
user125,user,user125@example.com,password123,inventory,Report 125,2025-05-21,Item A,784,USD
user126,user,user126@example.com,password123,sales,Report 126,2025-05-21,Item A,872,USD
user127,admin,user127@example.com,password123,finance,Report 127,2025-05-21,Item A,416,USD
user128,admin,user128@example.com,password123,inventory,Report 128,2025-05-21,Item C,306,USD
user129,user,user129@example.com,password123,sales,Report 129,2025-05-21,Item C,111,USD
user130,admin,user130@example.com,password123,finance,Report 130,2025-05-21,Item A,1074,USD
user131,admin,user131@example.com,password123,finance,Report 131,2025-05-21,Item B,555,USD
user132,user,user132@example.com,password123,inventory,Report 132,2025-05-21,Item A,543,USD
user133,user,user133@example.com,password123,inventory,Report 133,2025-05-21,Item A,722,USD
user134,admin,user134@example.com,password123,sales,Report 134,2025-05-21,Item C,1030,USD
user135,admin,user135@example.com,password123,sales,Report 135,2025-05-21,Item A,133,USD
user136,user,user136@example.com,password123,inventory,Report 136,2025-05-21,Item C,204,USD
user137,admin,user137@example.com,password123,finance,Report 137,2025-05-21,Item A,460,USD
user138,user,user138@example.com,password123,finance,Report 138,2025-05-21,Item A,311,USD
user139,admin,user139@example.com,password123,finance,Report 139,2025-05-21,Item B,594,USD
user140,admin,user140@example.com,password123,finance,Report 140,2025-05-21,Item A,120,USD
user141,admin,user141@example.com,password123,inventory,Report 141,2025-05-21,Item B,126,USD
user142,admin,user142@example.com,password123,inventory,Report 142,2025-05-21,Item C,197,USD
user143,admin,user143@example.com,password123,inventory,Report 143,2025-05-21,Item C,661,USD
user144,user,user144@example.com,password123,finance,Report 144,2025-05-21,Item C,154,USD
user145,user,user145@example.com,password123,inventory,Report 145,2025-05-21,Item B,401,USD
user146,admin,user146@example.com,password123,inventory,Report 146,2025-05-21,Item A,150,USD
user147,user,user147@example.com,password123,sales,Report 147,2025-05-21,Item A,191,USD
user148,admin,user148@example.com,password123,sales,Report 148,2025-05-21,Item A,288,USD
user149,user,user149@example.com,password123,sales,Report 149,2025-05-21,Item C,922,USD
user150,admin,user150@example.com,password123,sales,Report 150,2025-05-21,Item B,903,USD
user151,admin,user151@example.com,password123,finance,Report 151,2025-05-21,Item B,531,USD
user152,user,user152@example.com,password123,sales,Report 152,2025-05-21,Item B,621,USD
user153,admin,user153@example.com,password123,inventory,Report 153,2025-05-21,Item A,634,USD
user154,user,user154@example.com,password123,finance,Report 154,2025-05-21,Item B,808,USD
user155,admin,user155@example.com,password123,finance,Report 155,2025-05-21,Item C,957,USD
user156,user,user156@example.com,password123,finance,Report 156,2025-05-21,Item B,753,USD
user157,user,user157@example.com,password123,sales,Report 157,2025-05-21,Item B,846,USD
user158,user,user158@example.com,password123,sales,Report 158,2025-05-21,Item C,996,USD
user159,admin,user159@example.com,password123,sales,Report 159,2025-05-21,Item A,309,USD
user160,admin,user160@example.com,password123,sales,Report 160,2025-05-21,Item C,717,USD
user161,user,user161@example.com,password123,sales,Report 161,2025-05-21,Item B,892,USD
user162,admin,user162@example.com,password123,sales,Report 162,2025-05-21,Item B,1038,USD
user163,admin,user163@example.com,password123,sales,Report 163,2025-05-21,Item B,1027,USD
user164,admin,user164@example.com,password123,inventory,Report 164,2025-05-21,Item A,296,USD
user165,user,user165@example.com,password123,sales,Report 165,2025-05-21,Item B,593,USD
user166,admin,user166@example.com,password123,sales,Report 166,2025-05-21,Item B,1032,USD
user167,admin,user167@example.com,password123,inventory,Report 167,2025-05-21,Item C,793,USD
user168,admin,user168@example.com,password123,sales,Report 168,2025-05-21,Item C,252,USD
user169,user,user169@example.com,password123,sales,Report 169,2025-05-21,Item A,967,USD
user170,user,user170@example.com,password123,finance,Report 170,2025-05-21,Item C,358,USD
user171,admin,user171@example.com,password123,sales,Report 171,2025-05-21,Item C,390,USD
user172,admin,user172@example.com,password123,inventory,Report 172,2025-05-21,Item A,589,USD
user173,user,user173@example.com,password123,sales,Report 173,2025-05-21,Item C,1076,USD
user174,user,user174@example.com,password123,sales,Report 174,2025-05-21,Item B,722,USD
user175,admin,user175@example.com,password123,finance,Report 175,2025-05-21,Item A,441,USD
user176,admin,user176@example.com,password123,sales,Report 176,2025-05-21,Item A,828,USD
user177,admin,user177@example.com,password123,sales,Report 177,2025-05-21,Item C,1032,USD
user178,user,user178@example.com,password123,finance,Report 178,2025-05-21,Item B,689,USD
user179,user,user179@example.com,password123,finance,Report 179,2025-05-21,Item C,865,USD
user180,user,user180@example.com,password123,finance,Report 180,2025-05-21,Item B,677,USD
user181,admin,user181@example.com,password123,finance,Report 181,2025-05-21,Item B,265,USD
user182,admin,user182@example.com,password123,finance,Report 182,2025-05-21,Item B,165,USD
user183,admin,user183@example.com,password123,inventory,Report 183,2025-05-21,Item C,737,USD
user184,admin,user184@example.com,password123,finance,Report 184,2025-05-21,Item C,865,USD
user185,user,user185@example.com,password123,finance,Report 185,2025-05-21,Item B,207,USD
user186,user,user186@example.com,password123,sales,Report 186,2025-05-21,Item A,556,USD
user187,admin,user187@example.com,password123,inventory,Report 187,2025-05-21,Item A,547,USD
user188,user,user188@example.com,password123,sales,Report 188,2025-05-21,Item A,251,USD
user189,user,user189@example.com,password123,sales,Report 189,2025-05-21,Item C,1006,USD
user190,user,user190@example.com,password123,inventory,Report 190,2025-05-21,Item B,1052,USD
user191,user,user191@example.com,password123,sales,Report 191,2025-05-21,Item B,1006,USD
user192,user,user192@example.com,password123,sales,Report 192,2025-05-21,Item A,403,USD
user193,admin,user193@example.com,password123,inventory,Report 193,2025-05-21,Item C,730,USD
user194,user,user194@example.com,password123,inventory,Report 194,2025-05-21,Item C,351,USD
user195,admin,user195@example.com,password123,inventory,Report 195,2025-05-21,Item B,535,USD
user196,user,user196@example.com,password123,inventory,Report 196,2025-05-21,Item B,915,USD
user197,user,user197@example.com,password123,finance,Report 197,2025-05-21,Item B,804,USD
user198,admin,user198@example.com,password123,sales,Report 198,2025-05-21,Item B,771,USD
user199,admin,user199@example.com,password123,inventory,Report 199,2025-05-21,Item C,812,USD
user200,user,user200@example.com,password123,finance,Report 200,2025-05-21,Item C,565,USD
user201,admin,user201@example.com,password123,sales,Report 201,2025-05-21,Item B,347,USD
user202,admin,user202@example.com,password123,sales,Report 202,2025-05-21,Item B,694,USD
user203,user,user203@example.com,password123,finance,Report 203,2025-05-21,Item C,655,USD
user204,admin,user204@example.com,password123,sales,Report 204,2025-05-21,Item A,711,USD
user205,user,user205@example.com,password123,inventory,Report 205,2025-05-21,Item A,440,USD
user206,user,user206@example.com,password123,finance,Report 206,2025-05-21,Item C,332,USD
user207,admin,user207@example.com,password123,inventory,Report 207,2025-05-21,Item C,366,USD
user208,admin,user208@example.com,password123,sales,Report 208,2025-05-21,Item C,224,USD
user209,user,user209@example.com,password123,sales,Report 209,2025-05-21,Item B,652,USD
user210,user,user210@example.com,password123,sales,Report 210,2025-05-21,Item C,644,USD
user211,user,user211@example.com,password123,inventory,Report 211,2025-05-21,Item A,1051,USD
user212,admin,user212@example.com,password123,inventory,Report 212,2025-05-21,Item A,184,USD
user213,admin,user213@example.com,password123,sales,Report 213,2025-05-21,Item A,209,USD
user214,admin,user214@example.com,password123,sales,Report 214,2025-05-21,Item C,441,USD
user215,user,user215@example.com,password123,sales,Report 215,2025-05-21,Item A,714,USD
user216,admin,user216@example.com,password123,sales,Report 216,2025-05-21,Item A,394,USD
user217,admin,user217@example.com,password123,finance,Report 217,2025-05-21,Item C,230,USD
user218,user,user218@example.com,password123,sales,Report 218,2025-05-21,Item C,673,USD
user219,user,user219@example.com,password123,sales,Report 219,2025-05-21,Item B,1013,USD
user220,admin,user220@example.com,password123,sales,Report 220,2025-05-21,Item C,1003,USD
user221,user,user221@example.com,password123,finance,Report 221,2025-05-21,Item B,697,USD
user222,admin,user222@example.com,password123,inventory,Report 222,2025-05-21,Item C,108,USD
user223,user,user223@example.com,password123,inventory,Report 223,2025-05-21,Item C,910,USD
user224,user,user224@example.com,password123,finance,Report 224,2025-05-21,Item C,438,USD
user225,user,user225@example.com,password123,sales,Report 225,2025-05-21,Item B,678,USD
user226,admin,user226@example.com,password123,inventory,Report 226,2025-05-21,Item A,596,USD
user227,user,user227@example.com,password123,sales,Report 227,2025-05-21,Item A,507,USD
user228,user,user228@example.com,password123,inventory,Report 228,2025-05-21,Item A,221,USD
user229,admin,user229@example.com,password123,inventory,Report 229,2025-05-21,Item A,681,USD
user230,user,user230@example.com,password123,inventory,Report 230,2025-05-21,Item A,577,USD
user231,user,user231@example.com,password123,inventory,Report 231,2025-05-21,Item B,383,USD
user232,admin,user232@example.com,password123,finance,Report 232,2025-05-21,Item B,170,USD
user233,user,user233@example.com,password123,sales,Report 233,2025-05-21,Item C,398,USD
user234,user,user234@example.com,password123,sales,Report 234,2025-05-21,Item B,468,USD
user235,user,user235@example.com,password123,sales,Report 235,2025-05-21,Item B,762,USD
user236,admin,user236@example.com,password123,finance,Report 236,2025-05-21,Item C,382,USD
user237,admin,user237@example.com,password123,inventory,Report 237,2025-05-21,Item B,968,USD
user238,user,user238@example.com,password123,sales,Report 238,2025-05-21,Item C,793,USD
user239,admin,user239@example.com,password123,sales,Report 239,2025-05-21,Item A,593,USD
user240,admin,user240@example.com,password123,inventory,Report 240,2025-05-21,Item C,750,USD
user241,admin,user241@example.com,password123,sales,Report 241,2025-05-21,Item C,411,USD
user242,user,user242@example.com,password123,inventory,Report 242,2025-05-21,Item B,334,USD
user243,user,user243@example.com,password123,sales,Report 243,2025-05-21,Item B,216,USD
user244,user,user244@example.com,password123,inventory,Report 244,2025-05-21,Item C,1014,USD
user245,user,user245@example.com,password123,finance,Report 245,2025-05-21,Item B,624,USD
user246,admin,user246@example.com,password123,sales,Report 246,2025-05-21,Item B,458,USD
user247,user,user247@example.com,password123,sales,Report 247,2025-05-21,Item C,1041,USD
user248,user,user248@example.com,password123,inventory,Report 248,2025-05-21,Item B,591,USD
user249,admin,user249@example.com,password123,sales,Report 249,2025-05-21,Item A,853,USD
user250,admin,user250@example.com,password123,sales,Report 250,2025-05-21,Item C,428,USD
user251,user,user251@example.com,password123,inventory,Report 251,2025-05-21,Item C,832,USD
user252,admin,user252@example.com,password123,inventory,Report 252,2025-05-21,Item C,380,USD
user253,user,user253@example.com,password123,sales,Report 253,2025-05-21,Item A,920,USD
user254,user,user254@example.com,password123,sales,Report 254,2025-05-21,Item A,236,USD
user255,user,user255@example.com,password123,finance,Report 255,2025-05-21,Item A,1059,USD
user256,user,user256@example.com,password123,inventory,Report 256,2025-05-21,Item C,768,USD
user257,admin,user257@example.com,password123,finance,Report 257,2025-05-21,Item A,1009,USD
user258,admin,user258@example.com,password123,sales,Report 258,2025-05-21,Item C,465,USD
user259,admin,user259@example.com,password123,sales,Report 259,2025-05-21,Item C,196,USD
user260,admin,user260@example.com,password123,finance,Report 260,2025-05-21,Item A,209,USD
user261,user,user261@example.com,password123,inventory,Report 261,2025-05-21,Item A,702,USD
user262,admin,user262@example.com,password123,finance,Report 262,2025-05-21,Item C,423,USD
user263,user,user263@example.com,password123,finance,Report 263,2025-05-21,Item A,468,USD
user264,admin,user264@example.com,password123,sales,Report 264,2025-05-21,Item B,428,USD
user265,user,user265@example.com,password123,finance,Report 265,2025-05-21,Item B,236,USD
user266,admin,user266@example.com,password123,finance,Report 266,2025-05-21,Item B,664,USD
user267,user,user267@example.com,password123,sales,Report 267,2025-05-21,Item C,107,USD
user268,admin,user268@example.com,password123,finance,Report 268,2025-05-21,Item B,250,USD
user269,admin,user269@example.com,password123,sales,Report 269,2025-05-21,Item C,874,USD
user270,admin,user270@example.com,password123,inventory,Report 270,2025-05-21,Item B,333,USD
user271,admin,user271@example.com,password123,finance,Report 271,2025-05-21,Item B,707,USD
user272,user,user272@example.com,password123,inventory,Report 272,2025-05-21,Item C,141,USD
user273,user,user273@example.com,password123,finance,Report 273,2025-05-21,Item B,507,USD
user274,user,user274@example.com,password123,inventory,Report 274,2025-05-21,Item B,1009,USD
user275,user,user275@example.com,password123,sales,Report 275,2025-05-21,Item A,204,USD
user276,user,user276@example.com,password123,inventory,Report 276,2025-05-21,Item C,995,USD
user277,admin,user277@example.com,password123,sales,Report 277,2025-05-21,Item A,1057,USD
user278,admin,user278@example.com,password123,sales,Report 278,2025-05-21,Item C,640,USD
user279,admin,user279@example.com,password123,inventory,Report 279,2025-05-21,Item A,279,USD
user280,admin,user280@example.com,password123,inventory,Report 280,2025-05-21,Item A,1012,USD
user281,user,user281@example.com,password123,inventory,Report 281,2025-05-21,Item C,342,USD
user282,admin,user282@example.com,password123,finance,Report 282,2025-05-21,Item B,257,USD
user283,admin,user283@example.com,password123,sales,Report 283,2025-05-21,Item A,945,USD
user284,user,user284@example.com,password123,inventory,Report 284,2025-05-21,Item A,687,USD
user285,admin,user285@example.com,password123,finance,Report 285,2025-05-21,Item C,186,USD
user286,admin,user286@example.com,password123,inventory,Report 286,2025-05-21,Item C,136,USD
user287,admin,user287@example.com,password123,inventory,Report 287,2025-05-21,Item A,248,USD
user288,user,user288@example.com,password123,sales,Report 288,2025-05-21,Item B,1052,USD
user289,admin,user289@example.com,password123,sales,Report 289,2025-05-21,Item C,336,USD
user290,admin,user290@example.com,password123,sales,Report 290,2025-05-21,Item C,164,USD
user291,admin,user291@example.com,password123,inventory,Report 291,2025-05-21,Item B,953,USD
user292,admin,user292@example.com,password123,inventory,Report 292,2025-05-21,Item B,800,USD
user293,admin,user293@example.com,password123,finance,Report 293,2025-05-21,Item B,249,USD
user294,admin,user294@example.com,password123,inventory,Report 294,2025-05-21,Item A,1042,USD
user295,admin,user295@example.com,password123,inventory,Report 295,2025-05-21,Item B,251,USD
user296,user,user296@example.com,password123,finance,Report 296,2025-05-21,Item C,848,USD
user297,admin,user297@example.com,password123,sales,Report 297,2025-05-21,Item A,740,USD
user298,user,user298@example.com,password123,sales,Report 298,2025-05-21,Item C,296,USD
user299,admin,user299@example.com,password123,sales,Report 299,2025-05-21,Item A,979,USD
user300,user,user300@example.com,password123,sales,Report 300,2025-05-21,Item C,869,USD
user301,user,user301@example.com,password123,inventory,Report 301,2025-05-21,Item C,480,USD
user302,admin,user302@example.com,password123,inventory,Report 302,2025-05-21,Item A,821,USD
user303,admin,user303@example.com,password123,inventory,Report 303,2025-05-21,Item C,1094,USD
user304,user,user304@example.com,password123,inventory,Report 304,2025-05-21,Item A,140,USD
user305,admin,user305@example.com,password123,inventory,Report 305,2025-05-21,Item B,837,USD
user306,user,user306@example.com,password123,inventory,Report 306,2025-05-21,Item B,1044,USD
user307,user,user307@example.com,password123,finance,Report 307,2025-05-21,Item B,962,USD
user308,admin,user308@example.com,password123,finance,Report 308,2025-05-21,Item C,257,USD
user309,user,user309@example.com,password123,finance,Report 309,2025-05-21,Item A,457,USD
user310,user,user310@example.com,password123,finance,Report 310,2025-05-21,Item C,350,USD
user311,admin,user311@example.com,password123,sales,Report 311,2025-05-21,Item A,535,USD
user312,user,user312@example.com,password123,inventory,Report 312,2025-05-21,Item A,168,USD
user313,user,user313@example.com,password123,finance,Report 313,2025-05-21,Item C,1066,USD
user314,user,user314@example.com,password123,inventory,Report 314,2025-05-21,Item C,717,USD
user315,admin,user315@example.com,password123,sales,Report 315,2025-05-21,Item A,144,USD
user316,user,user316@example.com,password123,sales,Report 316,2025-05-21,Item C,314,USD
user317,user,user317@example.com,password123,inventory,Report 317,2025-05-21,Item A,376,USD
user318,admin,user318@example.com,password123,inventory,Report 318,2025-05-21,Item B,488,USD
user319,admin,user319@example.com,password123,finance,Report 319,2025-05-21,Item A,491,USD
user320,admin,user320@example.com,password123,sales,Report 320,2025-05-21,Item A,455,USD
user321,admin,user321@example.com,password123,sales,Report 321,2025-05-21,Item B,901,USD
user322,user,user322@example.com,password123,finance,Report 322,2025-05-21,Item C,239,USD
user323,admin,user323@example.com,password123,sales,Report 323,2025-05-21,Item B,275,USD
user324,user,user324@example.com,password123,finance,Report 324,2025-05-21,Item C,567,USD
user325,admin,user325@example.com,password123,finance,Report 325,2025-05-21,Item A,738,USD
user326,admin,user326@example.com,password123,finance,Report 326,2025-05-21,Item A,604,USD
user327,admin,user327@example.com,password123,finance,Report 327,2025-05-21,Item A,849,USD
user328,user,user328@example.com,password123,sales,Report 328,2025-05-21,Item C,911,USD
user329,admin,user329@example.com,password123,inventory,Report 329,2025-05-21,Item A,495,USD
user330,user,user330@example.com,password123,inventory,Report 330,2025-05-21,Item A,283,USD
user331,user,user331@example.com,password123,inventory,Report 331,2025-05-21,Item C,279,USD
user332,admin,user332@example.com,password123,sales,Report 332,2025-05-21,Item B,567,USD
user333,user,user333@example.com,password123,sales,Report 333,2025-05-21,Item B,1070,USD
user334,user,user334@example.com,password123,sales,Report 334,2025-05-21,Item A,944,USD
user335,user,user335@example.com,password123,inventory,Report 335,2025-05-21,Item B,141,USD
user336,admin,user336@example.com,password123,finance,Report 336,2025-05-21,Item A,178,USD
user337,admin,user337@example.com,password123,finance,Report 337,2025-05-21,Item A,743,USD
user338,user,user338@example.com,password123,finance,Report 338,2025-05-21,Item C,1029,USD
user339,user,user339@example.com,password123,finance,Report 339,2025-05-21,Item A,304,USD
user340,user,user340@example.com,password123,inventory,Report 340,2025-05-21,Item A,984,USD
user341,user,user341@example.com,password123,finance,Report 341,2025-05-21,Item B,576,USD
user342,user,user342@example.com,password123,inventory,Report 342,2025-05-21,Item B,959,USD
user343,user,user343@example.com,password123,sales,Report 343,2025-05-21,Item C,122,USD
user344,admin,user344@example.com,password123,sales,Report 344,2025-05-21,Item C,819,USD
user345,admin,user345@example.com,password123,inventory,Report 345,2025-05-21,Item B,851,USD
user346,admin,user346@example.com,password123,sales,Report 346,2025-05-21,Item C,963,USD
user347,admin,user347@example.com,password123,sales,Report 347,2025-05-21,Item B,142,USD
user348,admin,user348@example.com,password123,inventory,Report 348,2025-05-21,Item B,1003,USD
user349,admin,user349@example.com,password123,finance,Report 349,2025-05-21,Item A,361,USD
user350,user,user350@example.com,password123,inventory,Report 350,2025-05-21,Item B,966,USD
user351,admin,user351@example.com,password123,inventory,Report 351,2025-05-21,Item C,933,USD
user352,user,user352@example.com,password123,inventory,Report 352,2025-05-21,Item C,1003,USD
user353,user,user353@example.com,password123,sales,Report 353,2025-05-21,Item B,935,USD
user354,admin,user354@example.com,password123,finance,Report 354,2025-05-21,Item C,556,USD
user355,user,user355@example.com,password123,inventory,Report 355,2025-05-21,Item B,1074,USD
user356,admin,user356@example.com,password123,inventory,Report 356,2025-05-21,Item B,752,USD
user357,admin,user357@example.com,password123,finance,Report 357,2025-05-21,Item A,444,USD
user358,user,user358@example.com,password123,finance,Report 358,2025-05-21,Item B,267,USD
user359,admin,user359@example.com,password123,inventory,Report 359,2025-05-21,Item B,794,USD
user360,admin,user360@example.com,password123,sales,Report 360,2025-05-21,Item A,250,USD
user361,user,user361@example.com,password123,sales,Report 361,2025-05-21,Item A,764,USD
user362,user,user362@example.com,password123,inventory,Report 362,2025-05-21,Item A,795,USD
user363,admin,user363@example.com,password123,sales,Report 363,2025-05-21,Item A,224,USD
user364,user,user364@example.com,password123,sales,Report 364,2025-05-21,Item B,529,USD
user365,admin,user365@example.com,password123,finance,Report 365,2025-05-21,Item A,113,USD
user366,user,user366@example.com,password123,finance,Report 366,2025-05-21,Item A,724,USD
user367,user,user367@example.com,password123,finance,Report 367,2025-05-21,Item A,332,USD
user368,admin,user368@example.com,password123,sales,Report 368,2025-05-21,Item A,476,USD
user369,user,user369@example.com,password123,finance,Report 369,2025-05-21,Item B,177,USD
user370,admin,user370@example.com,password123,inventory,Report 370,2025-05-21,Item C,420,USD
user371,user,user371@example.com,password123,finance,Report 371,2025-05-21,Item C,720,USD
user372,admin,user372@example.com,password123,inventory,Report 372,2025-05-21,Item C,609,USD
user373,admin,user373@example.com,password123,inventory,Report 373,2025-05-21,Item C,405,USD
user374,admin,user374@example.com,password123,finance,Report 374,2025-05-21,Item B,553,USD
user375,admin,user375@example.com,password123,sales,Report 375,2025-05-21,Item A,117,USD
user376,admin,user376@example.com,password123,inventory,Report 376,2025-05-21,Item B,608,USD
user377,user,user377@example.com,password123,finance,Report 377,2025-05-21,Item C,1067,USD
user378,user,user378@example.com,password123,inventory,Report 378,2025-05-21,Item A,261,USD
user379,admin,user379@example.com,password123,inventory,Report 379,2025-05-21,Item B,130,USD
user380,user,user380@example.com,password123,finance,Report 380,2025-05-21,Item A,854,USD
user381,user,user381@example.com,password123,sales,Report 381,2025-05-21,Item C,609,USD
user382,user,user382@example.com,password123,sales,Report 382,2025-05-21,Item B,1085,USD
user383,admin,user383@example.com,password123,inventory,Report 383,2025-05-21,Item B,619,USD
user384,admin,user384@example.com,password123,finance,Report 384,2025-05-21,Item A,324,USD
user385,user,user385@example.com,password123,finance,Report 385,2025-05-21,Item B,656,USD
user386,user,user386@example.com,password123,inventory,Report 386,2025-05-21,Item A,641,USD
user387,user,user387@example.com,password123,finance,Report 387,2025-05-21,Item C,1018,USD
user388,admin,user388@example.com,password123,finance,Report 388,2025-05-21,Item B,270,USD
user389,user,user389@example.com,password123,inventory,Report 389,2025-05-21,Item B,481,USD
user390,user,user390@example.com,password123,inventory,Report 390,2025-05-21,Item C,237,USD
user391,user,user391@example.com,password123,finance,Report 391,2025-05-21,Item A,367,USD
user392,admin,user392@example.com,password123,inventory,Report 392,2025-05-21,Item C,752,USD
user393,user,user393@example.com,password123,inventory,Report 393,2025-05-21,Item C,210,USD
user394,user,user394@example.com,password123,sales,Report 394,2025-05-21,Item B,473,USD
user395,user,user395@example.com,password123,sales,Report 395,2025-05-21,Item C,986,USD
user396,admin,user396@example.com,password123,sales,Report 396,2025-05-21,Item B,970,USD
user397,user,user397@example.com,password123,inventory,Report 397,2025-05-21,Item A,886,USD
user398,admin,user398@example.com,password123,sales,Report 398,2025-05-21,Item C,1027,USD
user399,admin,user399@example.com,password123,inventory,Report 399,2025-05-21,Item B,691,USD
user400,admin,user400@example.com,password123,inventory,Report 400,2025-05-21,Item C,970,USD
user401,user,user401@example.com,password123,finance,Report 401,2025-05-21,Item C,134,USD
user402,admin,user402@example.com,password123,finance,Report 402,2025-05-21,Item A,160,USD
user403,admin,user403@example.com,password123,finance,Report 403,2025-05-21,Item A,496,USD
user404,user,user404@example.com,password123,finance,Report 404,2025-05-21,Item B,141,USD
user405,user,user405@example.com,password123,sales,Report 405,2025-05-21,Item C,750,USD
user406,user,user406@example.com,password123,sales,Report 406,2025-05-21,Item B,149,USD
user407,user,user407@example.com,password123,inventory,Report 407,2025-05-21,Item C,621,USD
user408,admin,user408@example.com,password123,sales,Report 408,2025-05-21,Item A,437,USD
user409,admin,user409@example.com,password123,sales,Report 409,2025-05-21,Item A,158,USD
user410,user,user410@example.com,password123,finance,Report 410,2025-05-21,Item C,1040,USD
user411,user,user411@example.com,password123,inventory,Report 411,2025-05-21,Item B,471,USD
user412,admin,user412@example.com,password123,sales,Report 412,2025-05-21,Item A,702,USD
user413,admin,user413@example.com,password123,finance,Report 413,2025-05-21,Item B,907,USD
user414,user,user414@example.com,password123,sales,Report 414,2025-05-21,Item B,721,USD
user415,user,user415@example.com,password123,inventory,Report 415,2025-05-21,Item A,578,USD
user416,user,user416@example.com,password123,inventory,Report 416,2025-05-21,Item B,529,USD
user417,admin,user417@example.com,password123,sales,Report 417,2025-05-21,Item B,732,USD
user418,user,user418@example.com,password123,finance,Report 418,2025-05-21,Item C,365,USD
user419,user,user419@example.com,password123,inventory,Report 419,2025-05-21,Item B,620,USD
user420,user,user420@example.com,password123,inventory,Report 420,2025-05-21,Item B,230,USD
user421,admin,user421@example.com,password123,sales,Report 421,2025-05-21,Item C,154,USD
user422,user,user422@example.com,password123,finance,Report 422,2025-05-21,Item A,993,USD
user423,user,user423@example.com,password123,sales,Report 423,2025-05-21,Item B,1096,USD
user424,user,user424@example.com,password123,inventory,Report 424,2025-05-21,Item C,769,USD
user425,user,user425@example.com,password123,finance,Report 425,2025-05-21,Item B,734,USD
user426,user,user426@example.com,password123,inventory,Report 426,2025-05-21,Item B,630,USD
user427,admin,user427@example.com,password123,inventory,Report 427,2025-05-21,Item B,555,USD
user428,user,user428@example.com,password123,inventory,Report 428,2025-05-21,Item A,189,USD
user429,admin,user429@example.com,password123,finance,Report 429,2025-05-21,Item A,1033,USD
user430,user,user430@example.com,password123,finance,Report 430,2025-05-21,Item C,730,USD
user431,admin,user431@example.com,password123,finance,Report 431,2025-05-21,Item A,249,USD
user432,user,user432@example.com,password123,finance,Report 432,2025-05-21,Item A,246,USD
user433,admin,user433@example.com,password123,finance,Report 433,2025-05-21,Item C,696,USD
user434,admin,user434@example.com,password123,finance,Report 434,2025-05-21,Item C,236,USD
user435,admin,user435@example.com,password123,sales,Report 435,2025-05-21,Item C,537,USD
user436,admin,user436@example.com,password123,inventory,Report 436,2025-05-21,Item C,331,USD
user437,admin,user437@example.com,password123,inventory,Report 437,2025-05-21,Item B,231,USD
user438,user,user438@example.com,password123,finance,Report 438,2025-05-21,Item A,282,USD
user439,admin,user439@example.com,password123,inventory,Report 439,2025-05-21,Item A,822,USD
user440,admin,user440@example.com,password123,sales,Report 440,2025-05-21,Item B,771,USD
user441,admin,user441@example.com,password123,inventory,Report 441,2025-05-21,Item A,771,USD
user442,admin,user442@example.com,password123,inventory,Report 442,2025-05-21,Item A,201,USD
user443,admin,user443@example.com,password123,inventory,Report 443,2025-05-21,Item B,293,USD
user444,user,user444@example.com,password123,sales,Report 444,2025-05-21,Item B,385,USD
user445,admin,user445@example.com,password123,sales,Report 445,2025-05-21,Item B,765,USD
user446,admin,user446@example.com,password123,inventory,Report 446,2025-05-21,Item B,272,USD
user447,user,user447@example.com,password123,finance,Report 447,2025-05-21,Item A,821,USD
user448,user,user448@example.com,password123,inventory,Report 448,2025-05-21,Item B,948,USD
user449,user,user449@example.com,password123,finance,Report 449,2025-05-21,Item B,637,USD
user450,admin,user450@example.com,password123,finance,Report 450,2025-05-21,Item C,849,USD
user451,admin,user451@example.com,password123,finance,Report 451,2025-05-21,Item A,147,USD
user452,admin,user452@example.com,password123,sales,Report 452,2025-05-21,Item C,1071,USD
user453,user,user453@example.com,password123,sales,Report 453,2025-05-21,Item B,980,USD
user454,user,user454@example.com,password123,finance,Report 454,2025-05-21,Item B,281,USD
user455,admin,user455@example.com,password123,inventory,Report 455,2025-05-21,Item B,490,USD
user456,user,user456@example.com,password123,sales,Report 456,2025-05-21,Item B,277,USD
user457,user,user457@example.com,password123,sales,Report 457,2025-05-21,Item C,987,USD
user458,admin,user458@example.com,password123,sales,Report 458,2025-05-21,Item B,1068,USD
user459,user,user459@example.com,password123,inventory,Report 459,2025-05-21,Item A,275,USD
user460,admin,user460@example.com,password123,inventory,Report 460,2025-05-21,Item C,471,USD
user461,admin,user461@example.com,password123,sales,Report 461,2025-05-21,Item A,671,USD
user462,admin,user462@example.com,password123,finance,Report 462,2025-05-21,Item C,1078,USD
user463,admin,user463@example.com,password123,inventory,Report 463,2025-05-21,Item A,847,USD
user464,admin,user464@example.com,password123,sales,Report 464,2025-05-21,Item A,211,USD
user465,admin,user465@example.com,password123,finance,Report 465,2025-05-21,Item B,520,USD
user466,admin,user466@example.com,password123,finance,Report 466,2025-05-21,Item C,115,USD
user467,admin,user467@example.com,password123,finance,Report 467,2025-05-21,Item C,1018,USD
user468,admin,user468@example.com,password123,sales,Report 468,2025-05-21,Item B,992,USD
user469,user,user469@example.com,password123,finance,Report 469,2025-05-21,Item B,754,USD
user470,admin,user470@example.com,password123,finance,Report 470,2025-05-21,Item C,913,USD
user471,admin,user471@example.com,password123,inventory,Report 471,2025-05-21,Item A,871,USD
user472,admin,user472@example.com,password123,inventory,Report 472,2025-05-21,Item A,706,USD
user473,user,user473@example.com,password123,inventory,Report 473,2025-05-21,Item B,380,USD
user474,admin,user474@example.com,password123,finance,Report 474,2025-05-21,Item B,630,USD
user475,admin,user475@example.com,password123,finance,Report 475,2025-05-21,Item A,126,USD
user476,admin,user476@example.com,password123,finance,Report 476,2025-05-21,Item A,391,USD
user477,admin,user477@example.com,password123,sales,Report 477,2025-05-21,Item A,1005,USD
user478,user,user478@example.com,password123,sales,Report 478,2025-05-21,Item A,868,USD
user479,user,user479@example.com,password123,inventory,Report 479,2025-05-21,Item B,690,USD
user480,admin,user480@example.com,password123,finance,Report 480,2025-05-21,Item A,858,USD
user481,user,user481@example.com,password123,inventory,Report 481,2025-05-21,Item C,1064,USD
user482,admin,user482@example.com,password123,finance,Report 482,2025-05-21,Item C,888,USD
user483,admin,user483@example.com,password123,inventory,Report 483,2025-05-21,Item C,1033,USD
user484,admin,user484@example.com,password123,finance,Report 484,2025-05-21,Item C,1054,USD
user485,user,user485@example.com,password123,sales,Report 485,2025-05-21,Item B,638,USD
user486,admin,user486@example.com,password123,finance,Report 486,2025-05-21,Item A,371,USD
user487,user,user487@example.com,password123,sales,Report 487,2025-05-21,Item B,1081,USD
user488,admin,user488@example.com,password123,finance,Report 488,2025-05-21,Item B,552,USD
user489,user,user489@example.com,password123,sales,Report 489,2025-05-21,Item B,257,USD
user490,user,user490@example.com,password123,finance,Report 490,2025-05-21,Item B,121,USD
user491,admin,user491@example.com,password123,finance,Report 491,2025-05-21,Item A,631,USD
user492,user,user492@example.com,password123,sales,Report 492,2025-05-21,Item A,367,USD
user493,admin,user493@example.com,password123,inventory,Report 493,2025-05-21,Item C,472,USD
user494,user,user494@example.com,password123,finance,Report 494,2025-05-21,Item A,189,USD
user495,admin,user495@example.com,password123,finance,Report 495,2025-05-21,Item C,168,USD
user496,user,user496@example.com,password123,inventory,Report 496,2025-05-21,Item A,397,USD
user497,admin,user497@example.com,password123,finance,Report 497,2025-05-21,Item A,786,USD
user498,admin,user498@example.com,password123,sales,Report 498,2025-05-21,Item C,357,USD
user499,admin,user499@example.com,password123,sales,Report 499,2025-05-21,Item B,656,USD
user500,admin,user500@example.com,password123,finance,Report 500,2025-05-21,Item A,212,USD
user501,user,user501@example.com,password123,sales,Report 501,2025-05-21,Item A,447,USD
user502,admin,user502@example.com,password123,inventory,Report 502,2025-05-21,Item A,505,USD
user503,user,user503@example.com,password123,finance,Report 503,2025-05-21,Item B,338,USD
user504,admin,user504@example.com,password123,finance,Report 504,2025-05-21,Item C,178,USD
user505,user,user505@example.com,password123,sales,Report 505,2025-05-21,Item B,829,USD
user506,user,user506@example.com,password123,sales,Report 506,2025-05-21,Item A,651,USD
user507,user,user507@example.com,password123,sales,Report 507,2025-05-21,Item A,846,USD
user508,admin,user508@example.com,password123,inventory,Report 508,2025-05-21,Item A,534,USD
user509,admin,user509@example.com,password123,finance,Report 509,2025-05-21,Item A,285,USD
user510,user,user510@example.com,password123,inventory,Report 510,2025-05-21,Item A,429,USD
user511,admin,user511@example.com,password123,inventory,Report 511,2025-05-21,Item C,417,USD
user512,user,user512@example.com,password123,sales,Report 512,2025-05-21,Item C,484,USD
user513,admin,user513@example.com,password123,inventory,Report 513,2025-05-21,Item C,491,USD
user514,user,user514@example.com,password123,inventory,Report 514,2025-05-21,Item A,905,USD
user515,user,user515@example.com,password123,sales,Report 515,2025-05-21,Item A,583,USD
user516,admin,user516@example.com,password123,inventory,Report 516,2025-05-21,Item C,309,USD
user517,admin,user517@example.com,password123,finance,Report 517,2025-05-21,Item A,986,USD
user518,admin,user518@example.com,password123,finance,Report 518,2025-05-21,Item A,908,USD
user519,user,user519@example.com,password123,finance,Report 519,2025-05-21,Item A,229,USD
user520,admin,user520@example.com,password123,finance,Report 520,2025-05-21,Item B,1014,USD
user521,admin,user521@example.com,password123,inventory,Report 521,2025-05-21,Item C,250,USD
user522,admin,user522@example.com,password123,sales,Report 522,2025-05-21,Item C,275,USD
user523,user,user523@example.com,password123,finance,Report 523,2025-05-21,Item A,472,USD
user524,admin,user524@example.com,password123,finance,Report 524,2025-05-21,Item C,477,USD
user525,admin,user525@example.com,password123,finance,Report 525,2025-05-21,Item A,880,USD
user526,admin,user526@example.com,password123,sales,Report 526,2025-05-21,Item C,712,USD
user527,admin,user527@example.com,password123,sales,Report 527,2025-05-21,Item C,156,USD
user528,admin,user528@example.com,password123,finance,Report 528,2025-05-21,Item A,304,USD
user529,admin,user529@example.com,password123,sales,Report 529,2025-05-21,Item A,627,USD
user530,user,user530@example.com,password123,sales,Report 530,2025-05-21,Item C,978,USD
user531,user,user531@example.com,password123,inventory,Report 531,2025-05-21,Item B,701,USD
user532,admin,user532@example.com,password123,sales,Report 532,2025-05-21,Item B,393,USD
user533,user,user533@example.com,password123,inventory,Report 533,2025-05-21,Item B,983,USD
user534,admin,user534@example.com,password123,sales,Report 534,2025-05-21,Item C,734,USD
user535,admin,user535@example.com,password123,inventory,Report 535,2025-05-21,Item C,957,USD
user536,admin,user536@example.com,password123,sales,Report 536,2025-05-21,Item B,865,USD
user537,user,user537@example.com,password123,inventory,Report 537,2025-05-21,Item A,237,USD
user538,admin,user538@example.com,password123,inventory,Report 538,2025-05-21,Item B,698,USD
user539,user,user539@example.com,password123,inventory,Report 539,2025-05-21,Item B,181,USD
user540,admin,user540@example.com,password123,inventory,Report 540,2025-05-21,Item B,374,USD
user541,admin,user541@example.com,password123,finance,Report 541,2025-05-21,Item A,354,USD
user542,admin,user542@example.com,password123,sales,Report 542,2025-05-21,Item A,498,USD
user543,admin,user543@example.com,password123,sales,Report 543,2025-05-21,Item B,707,USD
user544,user,user544@example.com,password123,finance,Report 544,2025-05-21,Item B,455,USD
user545,admin,user545@example.com,password123,finance,Report 545,2025-05-21,Item A,481,USD
user546,user,user546@example.com,password123,sales,Report 546,2025-05-21,Item B,496,USD
user547,user,user547@example.com,password123,inventory,Report 547,2025-05-21,Item A,467,USD
user548,admin,user548@example.com,password123,inventory,Report 548,2025-05-21,Item B,902,USD
user549,user,user549@example.com,password123,inventory,Report 549,2025-05-21,Item B,195,USD
user550,user,user550@example.com,password123,finance,Report 550,2025-05-21,Item B,265,USD
user551,user,user551@example.com,password123,inventory,Report 551,2025-05-21,Item C,1083,USD
user552,user,user552@example.com,password123,inventory,Report 552,2025-05-21,Item A,992,USD
user553,admin,user553@example.com,password123,sales,Report 553,2025-05-21,Item C,737,USD
user554,admin,user554@example.com,password123,finance,Report 554,2025-05-21,Item B,359,USD
user555,admin,user555@example.com,password123,finance,Report 555,2025-05-21,Item C,585,USD
user556,admin,user556@example.com,password123,sales,Report 556,2025-05-21,Item C,921,USD
user557,admin,user557@example.com,password123,sales,Report 557,2025-05-21,Item C,209,USD
user558,user,user558@example.com,password123,inventory,Report 558,2025-05-21,Item A,418,USD
user559,user,user559@example.com,password123,finance,Report 559,2025-05-21,Item B,109,USD
user560,admin,user560@example.com,password123,finance,Report 560,2025-05-21,Item B,171,USD
user561,admin,user561@example.com,password123,inventory,Report 561,2025-05-21,Item C,505,USD
user562,user,user562@example.com,password123,finance,Report 562,2025-05-21,Item C,210,USD
user563,admin,user563@example.com,password123,sales,Report 563,2025-05-21,Item C,312,USD
user564,user,user564@example.com,password123,finance,Report 564,2025-05-21,Item B,459,USD
user565,user,user565@example.com,password123,sales,Report 565,2025-05-21,Item B,160,USD
user566,admin,user566@example.com,password123,inventory,Report 566,2025-05-21,Item A,808,USD
user567,admin,user567@example.com,password123,finance,Report 567,2025-05-21,Item B,166,USD
user568,user,user568@example.com,password123,inventory,Report 568,2025-05-21,Item B,419,USD
user569,admin,user569@example.com,password123,finance,Report 569,2025-05-21,Item A,239,USD
user570,user,user570@example.com,password123,finance,Report 570,2025-05-21,Item B,305,USD
user571,admin,user571@example.com,password123,sales,Report 571,2025-05-21,Item B,799,USD
user572,admin,user572@example.com,password123,sales,Report 572,2025-05-21,Item A,230,USD
user573,admin,user573@example.com,password123,inventory,Report 573,2025-05-21,Item A,860,USD
user574,user,user574@example.com,password123,finance,Report 574,2025-05-21,Item C,150,USD
user575,admin,user575@example.com,password123,finance,Report 575,2025-05-21,Item A,972,USD
user576,admin,user576@example.com,password123,inventory,Report 576,2025-05-21,Item C,860,USD
user577,admin,user577@example.com,password123,finance,Report 577,2025-05-21,Item A,422,USD
user578,admin,user578@example.com,password123,inventory,Report 578,2025-05-21,Item B,187,USD
user579,admin,user579@example.com,password123,finance,Report 579,2025-05-21,Item C,882,USD
user580,admin,user580@example.com,password123,finance,Report 580,2025-05-21,Item A,523,USD
user581,user,user581@example.com,password123,sales,Report 581,2025-05-21,Item B,521,USD
user582,user,user582@example.com,password123,finance,Report 582,2025-05-21,Item B,674,USD
user583,admin,user583@example.com,password123,inventory,Report 583,2025-05-21,Item B,1086,USD
user584,user,user584@example.com,password123,finance,Report 584,2025-05-21,Item B,1017,USD
user585,admin,user585@example.com,password123,sales,Report 585,2025-05-21,Item A,928,USD
user586,admin,user586@example.com,password123,inventory,Report 586,2025-05-21,Item A,428,USD
user587,admin,user587@example.com,password123,finance,Report 587,2025-05-21,Item C,108,USD
user588,user,user588@example.com,password123,sales,Report 588,2025-05-21,Item A,474,USD
user589,admin,user589@example.com,password123,inventory,Report 589,2025-05-21,Item C,970,USD
user590,user,user590@example.com,password123,inventory,Report 590,2025-05-21,Item B,462,USD
user591,user,user591@example.com,password123,sales,Report 591,2025-05-21,Item A,1084,USD
user592,user,user592@example.com,password123,sales,Report 592,2025-05-21,Item C,352,USD
user593,user,user593@example.com,password123,inventory,Report 593,2025-05-21,Item C,137,USD
user594,user,user594@example.com,password123,sales,Report 594,2025-05-21,Item B,397,USD
user595,admin,user595@example.com,password123,sales,Report 595,2025-05-21,Item B,266,USD
user596,admin,user596@example.com,password123,inventory,Report 596,2025-05-21,Item B,491,USD
user597,user,user597@example.com,password123,sales,Report 597,2025-05-21,Item C,618,USD
user598,user,user598@example.com,password123,inventory,Report 598,2025-05-21,Item C,735,USD
user599,admin,user599@example.com,password123,inventory,Report 599,2025-05-21,Item B,119,USD
user600,admin,user600@example.com,password123,finance,Report 600,2025-05-21,Item A,1048,USD
user601,user,user601@example.com,password123,finance,Report 601,2025-05-21,Item A,775,USD
user602,user,user602@example.com,password123,sales,Report 602,2025-05-21,Item A,322,USD
user603,admin,user603@example.com,password123,finance,Report 603,2025-05-21,Item A,861,USD
user604,user,user604@example.com,password123,finance,Report 604,2025-05-21,Item C,1018,USD
user605,user,user605@example.com,password123,sales,Report 605,2025-05-21,Item C,609,USD
user606,user,user606@example.com,password123,finance,Report 606,2025-05-21,Item C,792,USD
user607,user,user607@example.com,password123,sales,Report 607,2025-05-21,Item B,144,USD
user608,user,user608@example.com,password123,sales,Report 608,2025-05-21,Item C,684,USD
user609,user,user609@example.com,password123,sales,Report 609,2025-05-21,Item A,321,USD
user610,user,user610@example.com,password123,finance,Report 610,2025-05-21,Item A,770,USD
user611,admin,user611@example.com,password123,finance,Report 611,2025-05-21,Item A,733,USD
user612,user,user612@example.com,password123,inventory,Report 612,2025-05-21,Item C,1019,USD
user613,user,user613@example.com,password123,finance,Report 613,2025-05-21,Item B,149,USD
user614,user,user614@example.com,password123,finance,Report 614,2025-05-21,Item B,582,USD
user615,admin,user615@example.com,password123,inventory,Report 615,2025-05-21,Item A,154,USD
user616,user,user616@example.com,password123,sales,Report 616,2025-05-21,Item B,707,USD
user617,admin,user617@example.com,password123,sales,Report 617,2025-05-21,Item B,469,USD
user618,admin,user618@example.com,password123,inventory,Report 618,2025-05-21,Item A,219,USD
user619,user,user619@example.com,password123,inventory,Report 619,2025-05-21,Item B,443,USD
user620,admin,user620@example.com,password123,sales,Report 620,2025-05-21,Item C,139,USD
user621,admin,user621@example.com,password123,finance,Report 621,2025-05-21,Item C,868,USD
user622,admin,user622@example.com,password123,inventory,Report 622,2025-05-21,Item B,773,USD
user623,user,user623@example.com,password123,sales,Report 623,2025-05-21,Item C,718,USD
user624,admin,user624@example.com,password123,finance,Report 624,2025-05-21,Item A,356,USD
user625,user,user625@example.com,password123,finance,Report 625,2025-05-21,Item C,346,USD
user626,admin,user626@example.com,password123,sales,Report 626,2025-05-21,Item C,842,USD
user627,admin,user627@example.com,password123,finance,Report 627,2025-05-21,Item C,280,USD
user628,admin,user628@example.com,password123,sales,Report 628,2025-05-21,Item B,651,USD
user629,admin,user629@example.com,password123,sales,Report 629,2025-05-21,Item A,227,USD
user630,user,user630@example.com,password123,finance,Report 630,2025-05-21,Item C,605,USD
user631,admin,user631@example.com,password123,inventory,Report 631,2025-05-21,Item A,835,USD
user632,user,user632@example.com,password123,sales,Report 632,2025-05-21,Item A,886,USD
user633,admin,user633@example.com,password123,finance,Report 633,2025-05-21,Item B,603,USD
user634,admin,user634@example.com,password123,inventory,Report 634,2025-05-21,Item A,545,USD
user635,admin,user635@example.com,password123,finance,Report 635,2025-05-21,Item B,227,USD
user636,admin,user636@example.com,password123,sales,Report 636,2025-05-21,Item C,827,USD
user637,admin,user637@example.com,password123,inventory,Report 637,2025-05-21,Item A,709,USD
user638,user,user638@example.com,password123,sales,Report 638,2025-05-21,Item A,277,USD
user639,admin,user639@example.com,password123,sales,Report 639,2025-05-21,Item A,1088,USD
user640,admin,user640@example.com,password123,sales,Report 640,2025-05-21,Item A,768,USD
user641,user,user641@example.com,password123,finance,Report 641,2025-05-21,Item B,687,USD
user642,user,user642@example.com,password123,inventory,Report 642,2025-05-21,Item A,978,USD
user643,user,user643@example.com,password123,sales,Report 643,2025-05-21,Item A,156,USD
user644,user,user644@example.com,password123,inventory,Report 644,2025-05-21,Item C,285,USD
user645,admin,user645@example.com,password123,sales,Report 645,2025-05-21,Item C,664,USD
user646,user,user646@example.com,password123,finance,Report 646,2025-05-21,Item B,106,USD
user647,admin,user647@example.com,password123,sales,Report 647,2025-05-21,Item A,729,USD
user648,user,user648@example.com,password123,finance,Report 648,2025-05-21,Item A,659,USD
user649,admin,user649@example.com,password123,finance,Report 649,2025-05-21,Item B,412,USD
user650,admin,user650@example.com,password123,inventory,Report 650,2025-05-21,Item C,1057,USD
user651,admin,user651@example.com,password123,inventory,Report 651,2025-05-21,Item B,580,USD
user652,admin,user652@example.com,password123,sales,Report 652,2025-05-21,Item A,849,USD
user653,user,user653@example.com,password123,finance,Report 653,2025-05-21,Item C,332,USD
user654,user,user654@example.com,password123,sales,Report 654,2025-05-21,Item C,492,USD
user655,user,user655@example.com,password123,sales,Report 655,2025-05-21,Item B,591,USD
user656,admin,user656@example.com,password123,finance,Report 656,2025-05-21,Item C,191,USD
user657,admin,user657@example.com,password123,sales,Report 657,2025-05-21,Item C,486,USD
user658,user,user658@example.com,password123,sales,Report 658,2025-05-21,Item A,845,USD
user659,admin,user659@example.com,password123,inventory,Report 659,2025-05-21,Item B,413,USD
user660,admin,user660@example.com,password123,inventory,Report 660,2025-05-21,Item A,695,USD
user661,user,user661@example.com,password123,finance,Report 661,2025-05-21,Item B,364,USD
user662,user,user662@example.com,password123,inventory,Report 662,2025-05-21,Item A,347,USD
user663,user,user663@example.com,password123,finance,Report 663,2025-05-21,Item A,765,USD
user664,admin,user664@example.com,password123,sales,Report 664,2025-05-21,Item B,1084,USD
user665,admin,user665@example.com,password123,sales,Report 665,2025-05-21,Item A,315,USD
user666,admin,user666@example.com,password123,inventory,Report 666,2025-05-21,Item A,652,USD
user667,admin,user667@example.com,password123,inventory,Report 667,2025-05-21,Item C,514,USD
user668,user,user668@example.com,password123,inventory,Report 668,2025-05-21,Item C,968,USD
user669,user,user669@example.com,password123,finance,Report 669,2025-05-21,Item B,632,USD
user670,user,user670@example.com,password123,finance,Report 670,2025-05-21,Item C,227,USD
user671,admin,user671@example.com,password123,finance,Report 671,2025-05-21,Item B,802,USD
user672,admin,user672@example.com,password123,sales,Report 672,2025-05-21,Item A,1059,USD
user673,user,user673@example.com,password123,inventory,Report 673,2025-05-21,Item A,435,USD
user674,admin,user674@example.com,password123,finance,Report 674,2025-05-21,Item C,801,USD
user675,user,user675@example.com,password123,sales,Report 675,2025-05-21,Item A,129,USD
user676,admin,user676@example.com,password123,finance,Report 676,2025-05-21,Item A,510,USD
user677,admin,user677@example.com,password123,inventory,Report 677,2025-05-21,Item B,319,USD
user678,admin,user678@example.com,password123,sales,Report 678,2025-05-21,Item B,106,USD
user679,user,user679@example.com,password123,sales,Report 679,2025-05-21,Item C,1086,USD
user680,user,user680@example.com,password123,finance,Report 680,2025-05-21,Item A,1059,USD
user681,user,user681@example.com,password123,inventory,Report 681,2025-05-21,Item C,1042,USD
user682,admin,user682@example.com,password123,sales,Report 682,2025-05-21,Item C,497,USD
user683,user,user683@example.com,password123,inventory,Report 683,2025-05-21,Item C,855,USD
user684,admin,user684@example.com,password123,finance,Report 684,2025-05-21,Item C,155,USD
user685,user,user685@example.com,password123,inventory,Report 685,2025-05-21,Item B,300,USD
user686,user,user686@example.com,password123,sales,Report 686,2025-05-21,Item B,705,USD
user687,user,user687@example.com,password123,inventory,Report 687,2025-05-21,Item A,707,USD
user688,user,user688@example.com,password123,finance,Report 688,2025-05-21,Item C,278,USD
user689,admin,user689@example.com,password123,finance,Report 689,2025-05-21,Item A,678,USD
user690,user,user690@example.com,password123,sales,Report 690,2025-05-21,Item A,896,USD
user691,admin,user691@example.com,password123,finance,Report 691,2025-05-21,Item A,380,USD
user692,user,user692@example.com,password123,finance,Report 692,2025-05-21,Item A,1031,USD
user693,user,user693@example.com,password123,sales,Report 693,2025-05-21,Item B,931,USD
user694,admin,user694@example.com,password123,finance,Report 694,2025-05-21,Item C,182,USD
user695,user,user695@example.com,password123,sales,Report 695,2025-05-21,Item A,610,USD
user696,admin,user696@example.com,password123,inventory,Report 696,2025-05-21,Item B,830,USD
user697,admin,user697@example.com,password123,finance,Report 697,2025-05-21,Item A,786,USD
user698,admin,user698@example.com,password123,sales,Report 698,2025-05-21,Item A,205,USD
user699,admin,user699@example.com,password123,inventory,Report 699,2025-05-21,Item B,789,USD
user700,user,user700@example.com,password123,inventory,Report 700,2025-05-21,Item A,613,USD
user701,admin,user701@example.com,password123,inventory,Report 701,2025-05-21,Item B,1045,USD
user702,user,user702@example.com,password123,inventory,Report 702,2025-05-21,Item A,481,USD
user703,user,user703@example.com,password123,sales,Report 703,2025-05-21,Item B,333,USD
user704,user,user704@example.com,password123,inventory,Report 704,2025-05-21,Item B,478,USD
user705,admin,user705@example.com,password123,finance,Report 705,2025-05-21,Item B,874,USD
user706,admin,user706@example.com,password123,sales,Report 706,2025-05-21,Item A,954,USD
user707,user,user707@example.com,password123,finance,Report 707,2025-05-21,Item C,627,USD
user708,user,user708@example.com,password123,finance,Report 708,2025-05-21,Item B,500,USD
user709,admin,user709@example.com,password123,sales,Report 709,2025-05-21,Item C,619,USD
user710,user,user710@example.com,password123,finance,Report 710,2025-05-21,Item B,551,USD
user711,admin,user711@example.com,password123,finance,Report 711,2025-05-21,Item C,224,USD
user712,admin,user712@example.com,password123,sales,Report 712,2025-05-21,Item B,414,USD
user713,user,user713@example.com,password123,inventory,Report 713,2025-05-21,Item A,430,USD
user714,admin,user714@example.com,password123,sales,Report 714,2025-05-21,Item C,616,USD
user715,admin,user715@example.com,password123,sales,Report 715,2025-05-21,Item A,119,USD
user716,user,user716@example.com,password123,sales,Report 716,2025-05-21,Item B,709,USD
user717,user,user717@example.com,password123,finance,Report 717,2025-05-21,Item B,304,USD
user718,admin,user718@example.com,password123,inventory,Report 718,2025-05-21,Item B,299,USD
user719,admin,user719@example.com,password123,finance,Report 719,2025-05-21,Item B,959,USD
user720,user,user720@example.com,password123,inventory,Report 720,2025-05-21,Item B,1080,USD
user721,user,user721@example.com,password123,inventory,Report 721,2025-05-21,Item C,976,USD
user722,user,user722@example.com,password123,sales,Report 722,2025-05-21,Item B,364,USD
user723,admin,user723@example.com,password123,sales,Report 723,2025-05-21,Item A,326,USD
user724,user,user724@example.com,password123,inventory,Report 724,2025-05-21,Item B,732,USD
user725,user,user725@example.com,password123,inventory,Report 725,2025-05-21,Item C,105,USD
user726,admin,user726@example.com,password123,sales,Report 726,2025-05-21,Item C,571,USD
user727,admin,user727@example.com,password123,inventory,Report 727,2025-05-21,Item A,504,USD
user728,admin,user728@example.com,password123,inventory,Report 728,2025-05-21,Item C,277,USD
user729,admin,user729@example.com,password123,finance,Report 729,2025-05-21,Item B,157,USD
user730,user,user730@example.com,password123,sales,Report 730,2025-05-21,Item C,720,USD
user731,user,user731@example.com,password123,inventory,Report 731,2025-05-21,Item B,1067,USD
user732,admin,user732@example.com,password123,sales,Report 732,2025-05-21,Item A,259,USD
user733,admin,user733@example.com,password123,sales,Report 733,2025-05-21,Item A,544,USD
user734,admin,user734@example.com,password123,sales,Report 734,2025-05-21,Item C,1092,USD
user735,admin,user735@example.com,password123,finance,Report 735,2025-05-21,Item B,163,USD
user736,user,user736@example.com,password123,finance,Report 736,2025-05-21,Item C,214,USD
user737,admin,user737@example.com,password123,inventory,Report 737,2025-05-21,Item A,332,USD
user738,user,user738@example.com,password123,inventory,Report 738,2025-05-21,Item B,918,USD
user739,user,user739@example.com,password123,finance,Report 739,2025-05-21,Item C,412,USD
user740,admin,user740@example.com,password123,inventory,Report 740,2025-05-21,Item B,1000,USD
user741,admin,user741@example.com,password123,inventory,Report 741,2025-05-21,Item A,1046,USD
user742,admin,user742@example.com,password123,inventory,Report 742,2025-05-21,Item B,136,USD
user743,admin,user743@example.com,password123,sales,Report 743,2025-05-21,Item A,957,USD
user744,user,user744@example.com,password123,sales,Report 744,2025-05-21,Item B,576,USD
user745,admin,user745@example.com,password123,inventory,Report 745,2025-05-21,Item B,872,USD
user746,admin,user746@example.com,password123,inventory,Report 746,2025-05-21,Item B,231,USD
user747,user,user747@example.com,password123,finance,Report 747,2025-05-21,Item B,746,USD
user748,admin,user748@example.com,password123,inventory,Report 748,2025-05-21,Item B,585,USD
user749,user,user749@example.com,password123,inventory,Report 749,2025-05-21,Item C,137,USD
user750,user,user750@example.com,password123,sales,Report 750,2025-05-21,Item A,1041,USD
user751,admin,user751@example.com,password123,finance,Report 751,2025-05-21,Item B,217,USD
user752,user,user752@example.com,password123,sales,Report 752,2025-05-21,Item C,1046,USD
user753,admin,user753@example.com,password123,inventory,Report 753,2025-05-21,Item B,415,USD
user754,admin,user754@example.com,password123,finance,Report 754,2025-05-21,Item C,992,USD
user755,admin,user755@example.com,password123,inventory,Report 755,2025-05-21,Item A,1047,USD
user756,admin,user756@example.com,password123,finance,Report 756,2025-05-21,Item B,820,USD
user757,admin,user757@example.com,password123,finance,Report 757,2025-05-21,Item C,1057,USD
user758,admin,user758@example.com,password123,finance,Report 758,2025-05-21,Item C,741,USD
user759,admin,user759@example.com,password123,sales,Report 759,2025-05-21,Item C,283,USD
user760,user,user760@example.com,password123,inventory,Report 760,2025-05-21,Item B,418,USD
user761,user,user761@example.com,password123,sales,Report 761,2025-05-21,Item A,366,USD
user762,admin,user762@example.com,password123,sales,Report 762,2025-05-21,Item A,959,USD
user763,admin,user763@example.com,password123,sales,Report 763,2025-05-21,Item B,527,USD
user764,user,user764@example.com,password123,inventory,Report 764,2025-05-21,Item B,243,USD
user765,user,user765@example.com,password123,inventory,Report 765,2025-05-21,Item A,983,USD
user766,user,user766@example.com,password123,finance,Report 766,2025-05-21,Item A,838,USD
user767,admin,user767@example.com,password123,sales,Report 767,2025-05-21,Item B,299,USD
user768,admin,user768@example.com,password123,finance,Report 768,2025-05-21,Item B,943,USD
user769,admin,user769@example.com,password123,inventory,Report 769,2025-05-21,Item B,784,USD
user770,admin,user770@example.com,password123,inventory,Report 770,2025-05-21,Item A,542,USD
user771,user,user771@example.com,password123,inventory,Report 771,2025-05-21,Item C,706,USD
user772,admin,user772@example.com,password123,finance,Report 772,2025-05-21,Item B,363,USD
user773,user,user773@example.com,password123,sales,Report 773,2025-05-21,Item B,475,USD
user774,user,user774@example.com,password123,finance,Report 774,2025-05-21,Item C,429,USD
user775,user,user775@example.com,password123,sales,Report 775,2025-05-21,Item A,733,USD
user776,admin,user776@example.com,password123,finance,Report 776,2025-05-21,Item C,603,USD
user777,admin,user777@example.com,password123,finance,Report 777,2025-05-21,Item A,335,USD
user778,user,user778@example.com,password123,sales,Report 778,2025-05-21,Item A,351,USD
user779,user,user779@example.com,password123,finance,Report 779,2025-05-21,Item C,1014,USD
user780,user,user780@example.com,password123,inventory,Report 780,2025-05-21,Item A,914,USD
user781,admin,user781@example.com,password123,sales,Report 781,2025-05-21,Item B,668,USD
user782,user,user782@example.com,password123,sales,Report 782,2025-05-21,Item C,590,USD
user783,admin,user783@example.com,password123,inventory,Report 783,2025-05-21,Item B,461,USD
user784,admin,user784@example.com,password123,inventory,Report 784,2025-05-21,Item B,786,USD
user785,user,user785@example.com,password123,finance,Report 785,2025-05-21,Item B,999,USD
user786,admin,user786@example.com,password123,sales,Report 786,2025-05-21,Item B,582,USD
user787,admin,user787@example.com,password123,inventory,Report 787,2025-05-21,Item A,1086,USD
user788,user,user788@example.com,password123,sales,Report 788,2025-05-21,Item C,970,USD
user789,admin,user789@example.com,password123,finance,Report 789,2025-05-21,Item B,876,USD
user790,admin,user790@example.com,password123,inventory,Report 790,2025-05-21,Item A,214,USD
user791,user,user791@example.com,password123,inventory,Report 791,2025-05-21,Item B,991,USD
user792,user,user792@example.com,password123,inventory,Report 792,2025-05-21,Item C,332,USD
user793,admin,user793@example.com,password123,finance,Report 793,2025-05-21,Item A,748,USD
user794,user,user794@example.com,password123,inventory,Report 794,2025-05-21,Item A,239,USD
user795,admin,user795@example.com,password123,sales,Report 795,2025-05-21,Item C,379,USD
user796,user,user796@example.com,password123,finance,Report 796,2025-05-21,Item B,652,USD
user797,admin,user797@example.com,password123,inventory,Report 797,2025-05-21,Item A,124,USD
user798,admin,user798@example.com,password123,inventory,Report 798,2025-05-21,Item B,374,USD
user799,user,user799@example.com,password123,sales,Report 799,2025-05-21,Item B,306,USD
user800,user,user800@example.com,password123,inventory,Report 800,2025-05-21,Item A,236,USD
user801,user,user801@example.com,password123,sales,Report 801,2025-05-21,Item B,402,USD
user802,user,user802@example.com,password123,finance,Report 802,2025-05-21,Item B,438,USD
user803,admin,user803@example.com,password123,sales,Report 803,2025-05-21,Item C,153,USD
user804,admin,user804@example.com,password123,inventory,Report 804,2025-05-21,Item B,491,USD
user805,user,user805@example.com,password123,finance,Report 805,2025-05-21,Item C,278,USD
user806,admin,user806@example.com,password123,inventory,Report 806,2025-05-21,Item B,132,USD
user807,user,user807@example.com,password123,inventory,Report 807,2025-05-21,Item A,887,USD
user808,user,user808@example.com,password123,finance,Report 808,2025-05-21,Item B,175,USD
user809,user,user809@example.com,password123,finance,Report 809,2025-05-21,Item A,343,USD
user810,user,user810@example.com,password123,finance,Report 810,2025-05-21,Item B,399,USD
user811,admin,user811@example.com,password123,finance,Report 811,2025-05-21,Item B,896,USD
user812,admin,user812@example.com,password123,finance,Report 812,2025-05-21,Item C,103,USD
user813,user,user813@example.com,password123,sales,Report 813,2025-05-21,Item B,515,USD
user814,admin,user814@example.com,password123,sales,Report 814,2025-05-21,Item A,275,USD
user815,admin,user815@example.com,password123,inventory,Report 815,2025-05-21,Item C,175,USD
user816,user,user816@example.com,password123,sales,Report 816,2025-05-21,Item B,781,USD
user817,admin,user817@example.com,password123,sales,Report 817,2025-05-21,Item B,311,USD
user818,admin,user818@example.com,password123,finance,Report 818,2025-05-21,Item C,600,USD
user819,user,user819@example.com,password123,sales,Report 819,2025-05-21,Item C,961,USD
user820,user,user820@example.com,password123,inventory,Report 820,2025-05-21,Item B,737,USD
user821,admin,user821@example.com,password123,inventory,Report 821,2025-05-21,Item A,879,USD
user822,user,user822@example.com,password123,finance,Report 822,2025-05-21,Item A,311,USD
user823,user,user823@example.com,password123,sales,Report 823,2025-05-21,Item A,876,USD
user824,user,user824@example.com,password123,sales,Report 824,2025-05-21,Item B,1083,USD
user825,admin,user825@example.com,password123,sales,Report 825,2025-05-21,Item C,155,USD
user826,admin,user826@example.com,password123,sales,Report 826,2025-05-21,Item B,1046,USD
user827,admin,user827@example.com,password123,sales,Report 827,2025-05-21,Item A,130,USD
user828,user,user828@example.com,password123,inventory,Report 828,2025-05-21,Item A,234,USD
user829,user,user829@example.com,password123,inventory,Report 829,2025-05-21,Item C,731,USD
user830,user,user830@example.com,password123,inventory,Report 830,2025-05-21,Item B,919,USD
user831,admin,user831@example.com,password123,sales,Report 831,2025-05-21,Item C,831,USD
user832,user,user832@example.com,password123,inventory,Report 832,2025-05-21,Item B,222,USD
user833,admin,user833@example.com,password123,sales,Report 833,2025-05-21,Item B,588,USD
user834,user,user834@example.com,password123,sales,Report 834,2025-05-21,Item C,271,USD
user835,user,user835@example.com,password123,finance,Report 835,2025-05-21,Item C,739,USD
user836,admin,user836@example.com,password123,inventory,Report 836,2025-05-21,Item C,671,USD
user837,admin,user837@example.com,password123,sales,Report 837,2025-05-21,Item C,706,USD
user838,user,user838@example.com,password123,inventory,Report 838,2025-05-21,Item A,394,USD
user839,admin,user839@example.com,password123,finance,Report 839,2025-05-21,Item A,449,USD
user840,admin,user840@example.com,password123,inventory,Report 840,2025-05-21,Item C,498,USD
user841,user,user841@example.com,password123,sales,Report 841,2025-05-21,Item B,415,USD
user842,admin,user842@example.com,password123,inventory,Report 842,2025-05-21,Item B,930,USD
user843,user,user843@example.com,password123,inventory,Report 843,2025-05-21,Item C,713,USD
user844,admin,user844@example.com,password123,finance,Report 844,2025-05-21,Item A,218,USD
user845,admin,user845@example.com,password123,finance,Report 845,2025-05-21,Item A,748,USD
user846,user,user846@example.com,password123,finance,Report 846,2025-05-21,Item C,249,USD
user847,admin,user847@example.com,password123,inventory,Report 847,2025-05-21,Item A,697,USD
user848,user,user848@example.com,password123,inventory,Report 848,2025-05-21,Item A,200,USD
user849,user,user849@example.com,password123,sales,Report 849,2025-05-21,Item B,304,USD
user850,user,user850@example.com,password123,sales,Report 850,2025-05-21,Item C,1067,USD
user851,user,user851@example.com,password123,sales,Report 851,2025-05-21,Item C,440,USD
user852,admin,user852@example.com,password123,sales,Report 852,2025-05-21,Item B,1088,USD
user853,admin,user853@example.com,password123,finance,Report 853,2025-05-21,Item C,846,USD
user854,admin,user854@example.com,password123,sales,Report 854,2025-05-21,Item A,165,USD
user855,admin,user855@example.com,password123,sales,Report 855,2025-05-21,Item A,402,USD
user856,admin,user856@example.com,password123,finance,Report 856,2025-05-21,Item A,1019,USD
user857,admin,user857@example.com,password123,inventory,Report 857,2025-05-21,Item C,764,USD
user858,user,user858@example.com,password123,inventory,Report 858,2025-05-21,Item B,105,USD
user859,admin,user859@example.com,password123,inventory,Report 859,2025-05-21,Item A,850,USD
user860,admin,user860@example.com,password123,finance,Report 860,2025-05-21,Item B,1039,USD
user861,user,user861@example.com,password123,sales,Report 861,2025-05-21,Item C,156,USD
user862,admin,user862@example.com,password123,sales,Report 862,2025-05-21,Item B,1052,USD
user863,user,user863@example.com,password123,sales,Report 863,2025-05-21,Item A,238,USD
user864,admin,user864@example.com,password123,sales,Report 864,2025-05-21,Item B,714,USD
user865,user,user865@example.com,password123,finance,Report 865,2025-05-21,Item A,179,USD
user866,admin,user866@example.com,password123,sales,Report 866,2025-05-21,Item A,348,USD
user867,user,user867@example.com,password123,sales,Report 867,2025-05-21,Item A,1062,USD
user868,user,user868@example.com,password123,sales,Report 868,2025-05-21,Item C,959,USD
user869,user,user869@example.com,password123,sales,Report 869,2025-05-21,Item B,832,USD
user870,user,user870@example.com,password123,sales,Report 870,2025-05-21,Item C,110,USD
user871,user,user871@example.com,password123,inventory,Report 871,2025-05-21,Item C,206,USD
user872,admin,user872@example.com,password123,sales,Report 872,2025-05-21,Item A,565,USD
user873,user,user873@example.com,password123,inventory,Report 873,2025-05-21,Item C,840,USD
user874,admin,user874@example.com,password123,sales,Report 874,2025-05-21,Item B,1059,USD
user875,user,user875@example.com,password123,inventory,Report 875,2025-05-21,Item B,954,USD
user876,user,user876@example.com,password123,inventory,Report 876,2025-05-21,Item B,301,USD
user877,user,user877@example.com,password123,sales,Report 877,2025-05-21,Item A,260,USD
user878,admin,user878@example.com,password123,sales,Report 878,2025-05-21,Item C,709,USD
user879,user,user879@example.com,password123,inventory,Report 879,2025-05-21,Item A,291,USD
user880,admin,user880@example.com,password123,inventory,Report 880,2025-05-21,Item B,591,USD
user881,user,user881@example.com,password123,inventory,Report 881,2025-05-21,Item B,687,USD
user882,admin,user882@example.com,password123,finance,Report 882,2025-05-21,Item A,409,USD
user883,user,user883@example.com,password123,inventory,Report 883,2025-05-21,Item C,722,USD
user884,admin,user884@example.com,password123,finance,Report 884,2025-05-21,Item C,239,USD
user885,user,user885@example.com,password123,finance,Report 885,2025-05-21,Item B,133,USD
user886,user,user886@example.com,password123,sales,Report 886,2025-05-21,Item C,458,USD
user887,admin,user887@example.com,password123,inventory,Report 887,2025-05-21,Item B,759,USD
user888,user,user888@example.com,password123,finance,Report 888,2025-05-21,Item B,824,USD
user889,user,user889@example.com,password123,inventory,Report 889,2025-05-21,Item B,100,USD
user890,admin,user890@example.com,password123,finance,Report 890,2025-05-21,Item A,952,USD
user891,admin,user891@example.com,password123,inventory,Report 891,2025-05-21,Item A,196,USD
user892,admin,user892@example.com,password123,finance,Report 892,2025-05-21,Item A,821,USD
user893,user,user893@example.com,password123,sales,Report 893,2025-05-21,Item C,523,USD
user894,admin,user894@example.com,password123,inventory,Report 894,2025-05-21,Item B,686,USD
user895,user,user895@example.com,password123,sales,Report 895,2025-05-21,Item C,789,USD
user896,user,user896@example.com,password123,finance,Report 896,2025-05-21,Item A,671,USD
user897,admin,user897@example.com,password123,finance,Report 897,2025-05-21,Item C,658,USD
user898,admin,user898@example.com,password123,finance,Report 898,2025-05-21,Item A,419,USD
user899,user,user899@example.com,password123,inventory,Report 899,2025-05-21,Item A,705,USD
user900,user,user900@example.com,password123,inventory,Report 900,2025-05-21,Item A,163,USD
user901,user,user901@example.com,password123,sales,Report 901,2025-05-21,Item A,1086,USD
user902,user,user902@example.com,password123,sales,Report 902,2025-05-21,Item A,668,USD
user903,user,user903@example.com,password123,inventory,Report 903,2025-05-21,Item A,777,USD
user904,user,user904@example.com,password123,sales,Report 904,2025-05-21,Item A,874,USD
user905,user,user905@example.com,password123,sales,Report 905,2025-05-21,Item A,268,USD
user906,user,user906@example.com,password123,inventory,Report 906,2025-05-21,Item B,504,USD
user907,admin,user907@example.com,password123,finance,Report 907,2025-05-21,Item A,757,USD
user908,user,user908@example.com,password123,inventory,Report 908,2025-05-21,Item A,784,USD
user909,user,user909@example.com,password123,finance,Report 909,2025-05-21,Item B,1006,USD
user910,admin,user910@example.com,password123,finance,Report 910,2025-05-21,Item A,442,USD
user911,user,user911@example.com,password123,inventory,Report 911,2025-05-21,Item B,536,USD
user912,user,user912@example.com,password123,inventory,Report 912,2025-05-21,Item C,986,USD
user913,admin,user913@example.com,password123,finance,Report 913,2025-05-21,Item B,917,USD
user914,user,user914@example.com,password123,sales,Report 914,2025-05-21,Item B,625,USD
user915,user,user915@example.com,password123,inventory,Report 915,2025-05-21,Item A,996,USD
user916,admin,user916@example.com,password123,sales,Report 916,2025-05-21,Item C,591,USD
user917,admin,user917@example.com,password123,finance,Report 917,2025-05-21,Item C,654,USD
user918,admin,user918@example.com,password123,inventory,Report 918,2025-05-21,Item C,985,USD
user919,admin,user919@example.com,password123,sales,Report 919,2025-05-21,Item C,697,USD
user920,user,user920@example.com,password123,sales,Report 920,2025-05-21,Item B,295,USD
user921,admin,user921@example.com,password123,sales,Report 921,2025-05-21,Item B,406,USD
user922,admin,user922@example.com,password123,sales,Report 922,2025-05-21,Item A,1078,USD
user923,user,user923@example.com,password123,finance,Report 923,2025-05-21,Item C,550,USD
user924,admin,user924@example.com,password123,inventory,Report 924,2025-05-21,Item C,1056,USD
user925,admin,user925@example.com,password123,sales,Report 925,2025-05-21,Item A,894,USD
user926,admin,user926@example.com,password123,finance,Report 926,2025-05-21,Item B,1031,USD
user927,admin,user927@example.com,password123,inventory,Report 927,2025-05-21,Item C,624,USD
user928,user,user928@example.com,password123,inventory,Report 928,2025-05-21,Item C,782,USD
user929,admin,user929@example.com,password123,inventory,Report 929,2025-05-21,Item B,455,USD
user930,admin,user930@example.com,password123,inventory,Report 930,2025-05-21,Item C,1021,USD
user931,admin,user931@example.com,password123,finance,Report 931,2025-05-21,Item B,546,USD
user932,admin,user932@example.com,password123,sales,Report 932,2025-05-21,Item C,549,USD
user933,admin,user933@example.com,password123,inventory,Report 933,2025-05-21,Item C,740,USD
user934,admin,user934@example.com,password123,sales,Report 934,2025-05-21,Item C,277,USD
user935,user,user935@example.com,password123,inventory,Report 935,2025-05-21,Item A,706,USD
user936,user,user936@example.com,password123,finance,Report 936,2025-05-21,Item B,266,USD
user937,user,user937@example.com,password123,sales,Report 937,2025-05-21,Item B,938,USD
user938,admin,user938@example.com,password123,finance,Report 938,2025-05-21,Item B,484,USD
user939,admin,user939@example.com,password123,finance,Report 939,2025-05-21,Item B,948,USD
user940,admin,user940@example.com,password123,sales,Report 940,2025-05-21,Item B,462,USD
user941,user,user941@example.com,password123,inventory,Report 941,2025-05-21,Item C,340,USD
user942,user,user942@example.com,password123,sales,Report 942,2025-05-21,Item A,875,USD
user943,admin,user943@example.com,password123,inventory,Report 943,2025-05-21,Item B,280,USD
user944,user,user944@example.com,password123,inventory,Report 944,2025-05-21,Item C,613,USD
user945,admin,user945@example.com,password123,finance,Report 945,2025-05-21,Item B,634,USD
user946,admin,user946@example.com,password123,inventory,Report 946,2025-05-21,Item A,552,USD
user947,user,user947@example.com,password123,sales,Report 947,2025-05-21,Item B,793,USD
user948,user,user948@example.com,password123,sales,Report 948,2025-05-21,Item B,847,USD
user949,user,user949@example.com,password123,sales,Report 949,2025-05-21,Item B,682,USD
user950,admin,user950@example.com,password123,inventory,Report 950,2025-05-21,Item B,1080,USD
user951,admin,user951@example.com,password123,finance,Report 951,2025-05-21,Item B,294,USD
user952,user,user952@example.com,password123,inventory,Report 952,2025-05-21,Item C,597,USD
user953,user,user953@example.com,password123,sales,Report 953,2025-05-21,Item B,853,USD
user954,admin,user954@example.com,password123,inventory,Report 954,2025-05-21,Item B,480,USD
user955,user,user955@example.com,password123,finance,Report 955,2025-05-21,Item B,1041,USD
user956,user,user956@example.com,password123,inventory,Report 956,2025-05-21,Item C,242,USD
user957,user,user957@example.com,password123,inventory,Report 957,2025-05-21,Item A,415,USD
user958,user,user958@example.com,password123,finance,Report 958,2025-05-21,Item B,161,USD
user959,admin,user959@example.com,password123,sales,Report 959,2025-05-21,Item A,398,USD
user960,admin,user960@example.com,password123,sales,Report 960,2025-05-21,Item A,355,USD
user961,admin,user961@example.com,password123,inventory,Report 961,2025-05-21,Item C,247,USD
user962,user,user962@example.com,password123,inventory,Report 962,2025-05-21,Item B,531,USD
user963,admin,user963@example.com,password123,sales,Report 963,2025-05-21,Item C,912,USD
user964,user,user964@example.com,password123,sales,Report 964,2025-05-21,Item A,355,USD
user965,user,user965@example.com,password123,finance,Report 965,2025-05-21,Item A,993,USD
user966,user,user966@example.com,password123,inventory,Report 966,2025-05-21,Item B,205,USD
user967,user,user967@example.com,password123,finance,Report 967,2025-05-21,Item B,1018,USD
user968,user,user968@example.com,password123,sales,Report 968,2025-05-21,Item B,333,USD
user969,admin,user969@example.com,password123,sales,Report 969,2025-05-21,Item A,641,USD
user970,user,user970@example.com,password123,inventory,Report 970,2025-05-21,Item A,1013,USD
user971,admin,user971@example.com,password123,sales,Report 971,2025-05-21,Item C,108,USD
user972,user,user972@example.com,password123,sales,Report 972,2025-05-21,Item A,1037,USD
user973,admin,user973@example.com,password123,inventory,Report 973,2025-05-21,Item B,327,USD
user974,user,user974@example.com,password123,sales,Report 974,2025-05-21,Item B,1095,USD
user975,admin,user975@example.com,password123,finance,Report 975,2025-05-21,Item B,875,USD
user976,admin,user976@example.com,password123,inventory,Report 976,2025-05-21,Item C,455,USD
user977,user,user977@example.com,password123,inventory,Report 977,2025-05-21,Item B,705,USD
user978,admin,user978@example.com,password123,finance,Report 978,2025-05-21,Item A,963,USD
user979,user,user979@example.com,password123,inventory,Report 979,2025-05-21,Item A,844,USD
user980,user,user980@example.com,password123,sales,Report 980,2025-05-21,Item B,713,USD
user981,admin,user981@example.com,password123,sales,Report 981,2025-05-21,Item B,697,USD
user982,admin,user982@example.com,password123,sales,Report 982,2025-05-21,Item B,915,USD
user983,admin,user983@example.com,password123,sales,Report 983,2025-05-21,Item C,817,USD
user984,admin,user984@example.com,password123,finance,Report 984,2025-05-21,Item B,766,USD
user985,user,user985@example.com,password123,inventory,Report 985,2025-05-21,Item A,284,USD
user986,user,user986@example.com,password123,sales,Report 986,2025-05-21,Item B,380,USD
user987,user,user987@example.com,password123,inventory,Report 987,2025-05-21,Item A,186,USD
user988,user,user988@example.com,password123,sales,Report 988,2025-05-21,Item C,275,USD
user989,admin,user989@example.com,password123,inventory,Report 989,2025-05-21,Item C,1017,USD
user990,user,user990@example.com,password123,sales,Report 990,2025-05-21,Item C,738,USD
user991,user,user991@example.com,password123,finance,Report 991,2025-05-21,Item A,901,USD
user992,admin,user992@example.com,password123,finance,Report 992,2025-05-21,Item B,934,USD
user993,user,user993@example.com,password123,sales,Report 993,2025-05-21,Item A,1064,USD
user994,admin,user994@example.com,password123,finance,Report 994,2025-05-21,Item B,962,USD
user995,admin,user995@example.com,password123,finance,Report 995,2025-05-21,Item C,494,USD
user996,admin,user996@example.com,password123,sales,Report 996,2025-05-21,Item B,132,USD
user997,admin,user997@example.com,password123,inventory,Report 997,2025-05-21,Item A,351,USD
user998,user,user998@example.com,password123,finance,Report 998,2025-05-21,Item C,523,USD
user999,user,user999@example.com,password123,inventory,Report 999,2025-05-21,Item B,474,USD
